Rk,Player,Pos,Age,Tm,G,GS,MP,FG,FGA,FG%,3P,3PA,3P%,2P,2PA,2P%,eFG%,FT,FTA,FT%,ORB,DRB,TRB,AST,STL,BLK,TOV,PF,PTS
1,Kareem Abdul-Jabbar*\abdulka01,C,37,LAL,19,19,610,168,300,.560,0,0,,168,300,.560,.560,80,103,.777,50,104,154,76,23,36,52,67,416
2,Alvan Adams\adamsal01,PF,30,PHO,3,3,79,23,46,.500,0,0,,23,46,.500,.500,5,6,.833,4,13,17,11,7,1,6,8,51
3,Mark Aguirre\aguirma01,SF,25,DAL,4,4,164,44,89,.494,1,2,.500,43,87,.494,.500,27,32,.844,16,14,30,16,3,0,15,16,116
4,Danny Ainge\aingeda01,SG,25,BOS,21,21,687,97,208,.466,7,16,.438,90,192,.469,.483,30,39,.769,20,38,58,121,32,1,32,76,231
5,Ron Anderson\anderro01,SF,26,CLE,2,0,9,0,3,.000,0,0,,0,3,.000,.000,0,0,,1,2,3,0,0,0,0,0,0
6,John Bagley\baglejo01,PG,24,CLE,4,4,168,22,56,.393,0,3,.000,22,53,.415,.393,7,10,.700,1,15,16,40,10,0,17,7,51
7,Thurl Bailey\baileth01,PF,23,UTA,10,10,375,62,152,.408,0,0,,62,152,.408,.408,45,55,.818,21,71,92,27,5,18,21,30,169
8,Greg Ballard\ballagr01,SF,30,WSB,4,0,65,11,24,.458,0,2,.000,11,22,.500,.458,8,9,.889,4,10,14,6,3,0,5,7,30
9,Gene Banks\banksge01,SF,25,SAS,1,0,10,0,1,.000,0,0,,0,1,.000,.000,0,0,,0,0,0,1,0,0,2,3,0
10,Charles Barkley*\barklch01,PF,21,PHI,13,2,408,75,139,.540,4,6,.667,71,133,.534,.554,40,63,.635,52,92,144,26,23,15,35,49,194
11,Kent Benson\bensoke01,C,30,DET,9,1,142,25,46,.543,0,0,,25,46,.543,.543,13,15,.867,9,27,36,4,8,2,6,27,63
12,Larry Bird*\birdla01,SF,28,BOS,20,20,815,196,425,.461,7,25,.280,189,400,.473,.469,121,136,.890,53,129,182,115,34,19,57,54,520
13,Rolando Blackman\blackro01,SG,25,DAL,4,4,169,47,92,.511,1,2,.500,46,90,.511,.516,36,38,.947,11,15,26,19,2,2,14,8,131
14,Sam Bowie\bowiesa01,C,23,POR,9,9,259,26,59,.441,0,0,,26,59,.441,.441,14,25,.560,16,60,76,21,4,21,12,36,66
15,Dudley Bradley\bradldu01,SG,27,WSB,4,0,41,5,9,.556,1,5,.200,4,4,1.000,.611,3,4,.750,2,4,6,6,2,0,5,5,14
16,Randy Breuer\breuera01,C,24,MIL,8,0,104,15,26,.577,0,0,,15,26,.577,.577,14,21,.667,9,15,24,0,2,2,8,15,44
17,Ron Brewer\brewero01,SG,29,NJN,3,0,93,15,30,.500,0,1,.000,15,29,.517,.500,6,8,.750,1,4,5,5,3,0,3,7,36
18,Wallace Bryant\bryanwa01,C,25,DAL,2,1,36,0,1,.000,0,0,,0,1,.000,.000,2,2,1.000,1,6,7,1,1,1,2,5,2
19,Quinn Buckner\bucknqu01,PG,30,BOS,15,0,86,13,22,.591,0,0,,13,22,.591,.591,5,8,.625,2,5,7,12,6,0,6,24,31
20,Tony Campbell\campbto01,SF,22,DET,2,0,9,1,3,.333,0,0,,1,3,.333,.333,0,0,,0,2,2,1,0,0,0,1,2
21,Kenny Carr\carrke01,PF,29,POR,9,9,265,50,95,.526,0,1,.000,50,94,.532,.526,16,20,.800,30,40,70,10,3,2,23,40,116
22,M.L. Carr\carrml01,SF,34,BOS,7,0,24,4,15,.267,1,2,.500,3,13,.231,.300,0,0,,1,1,2,1,1,0,1,4,9
23,Maurice Cheeks\cheekma01,PG,28,PHI,13,13,483,81,153,.529,0,5,.000,81,148,.547,.529,36,42,.857,12,34,46,67,31,5,34,29,198
24,Carlos Clark\clarkca01,SG,24,BOS,3,0,11,3,5,.600,0,0,,3,5,.600,.600,2,2,1.000,2,0,2,3,1,0,0,2,8
25,Don Collins\collido02,SG,26,WSB,1,0,2,0,0,,0,0,,0,0,,,0,0,,0,0,0,0,0,0,0,0,0
26,Steve Colter\coltest01,PG,22,POR,9,0,166,36,75,.480,3,11,.273,33,64,.516,.500,5,8,.625,4,12,16,37,5,0,10,24,80
27,Darwin Cook\cookda01,PG,26,NJN,1,0,7,3,4,.750,0,0,,3,4,.750,.750,0,0,,0,0,0,1,0,0,2,2,6
28,Jeff Cook\cookje01,PF,28,SAS,5,0,98,9,18,.500,0,1,.000,9,17,.529,.500,17,25,.680,6,23,29,4,5,6,6,23,35
29,Michael Cooper\coopemi01,SG,28,LAL,19,0,501,71,126,.563,8,26,.308,63,100,.630,.595,48,52,.923,12,64,76,93,21,9,36,46,198
30,Wayne Cooper\coopewa01,C,28,DEN,15,12,321,67,143,.469,0,0,,67,143,.469,.469,30,40,.750,34,59,93,20,8,36,19,52,164
31,Dave Corzine\corzida01,C,28,CHI,4,4,77,14,21,.667,0,0,,14,21,.667,.667,5,6,.833,9,13,22,3,2,1,5,14,33
32,Terry Cummings\cummite01,PF,23,MIL,8,8,311,86,149,.577,0,1,.000,86,148,.581,.577,48,58,.828,21,49,70,20,12,7,26,33,220
33,Earl Cureton\curetea01,C,27,DET,9,0,133,16,34,.471,0,1,.000,16,33,.485,.471,5,9,.556,10,31,41,4,9,2,4,20,37
34,Quintin Dailey\dailequ01,SG,24,CHI,4,0,129,26,62,.419,1,7,.143,25,55,.455,.427,8,11,.727,5,8,13,11,4,0,5,9,61
35,Adrian Dantley*\dantlad01,SF,28,UTA,10,10,398,79,151,.523,0,1,.000,79,150,.527,.523,95,122,.779,25,50,75,20,16,0,36,39,253
36,Brad Davis\davisbr01,PG,29,DAL,4,4,113,13,26,.500,3,8,.375,10,18,.556,.558,12,13,.923,1,7,8,22,4,1,6,11,41
37,Charles Davis\davisch02,SF,26,MIL,5,0,51,8,20,.400,0,2,.000,8,18,.444,.400,3,4,.750,6,4,10,4,0,0,4,2,19
38,Johnny Davis\davisjo01,PG,29,CLE,3,0,50,12,16,.750,0,1,.000,12,15,.800,.750,4,5,.800,1,5,6,15,5,0,2,5,28
39,Darryl Dawkins\dawkida01,C,28,NJN,3,3,64,11,23,.478,0,0,,11,23,.478,.478,3,4,.750,4,10,14,4,2,6,7,13,25
40,Darren Daye\dayeda01,SF,24,WSB,4,4,85,17,30,.567,0,0,,17,30,.567,.567,7,16,.438,6,6,12,14,3,0,6,8,41
41,Clyde Drexler*\drexlcl01,SG,22,POR,9,9,339,55,134,.410,2,7,.286,53,127,.417,.418,38,45,.844,27,28,55,83,23,9,29,37,150
42,T.R. Dunn\dunntr01,SG,29,DEN,15,15,371,27,65,.415,0,0,,27,65,.415,.415,14,19,.737,27,33,60,34,24,3,10,45,68
43,Mark Eaton\eatonma01,C,28,UTA,5,5,158,12,34,.353,0,0,,12,34,.353,.353,5,7,.714,11,34,45,5,4,29,12,19,29
44,Craig Ehlo\ehlocr01,SG,23,HOU,3,0,6,1,1,1.000,0,0,,1,1,1.000,1.000,2,2,1.000,0,0,0,0,4,0,0,3,4
45,Dale Ellis\ellisda01,SF,24,DAL,4,1,68,10,23,.435,2,5,.400,8,18,.444,.478,1,2,.500,4,3,7,3,4,0,4,3,23
46,Chris Engler\englech01,C,25,MIL,1,0,6,1,1,1.000,0,0,,1,1,1.000,1.000,0,0,,0,2,2,0,0,0,0,2,2
47,Alex English*\englial01,SF,31,DEN,14,14,536,163,304,.536,0,1,.000,163,303,.538,.536,97,109,.890,36,56,92,63,17,5,30,40,423
48,Julius Erving*\ervinju01,SF,34,PHI,13,13,434,84,187,.449,0,1,.000,84,186,.452,.449,54,63,.857,29,44,73,48,25,11,37,34,222
49,Mike Evans\evansmi01,SG,29,DEN,15,0,281,62,143,.434,17,51,.333,45,92,.489,.493,14,17,.824,3,29,32,46,13,3,36,39,155
50,Rod Foster\fostero01,PG,24,PHO,3,0,56,7,25,.280,0,4,.000,7,21,.333,.280,6,8,.750,0,3,3,7,5,0,5,4,20
51,World B. Free\freewo01,SG,31,CLE,4,4,150,41,93,.441,0,4,.000,41,89,.461,.441,23,25,.920,4,6,10,31,6,0,6,12,105
52,George Gervin*\gervige01,SG,32,SAS,5,5,183,42,79,.532,0,3,.000,42,76,.553,.532,27,34,.794,3,15,18,14,3,3,20,19,111
53,Artis Gilmore*\gilmoar01,C,35,SAS,5,5,185,29,52,.558,0,0,,29,52,.558,.558,31,45,.689,10,40,50,7,2,7,23,18,89
54,Mike Gminski\gminsmi01,C,25,NJN,3,0,81,18,33,.545,0,0,,18,33,.545,.545,6,6,1.000,4,15,19,4,3,5,10,5,42
55,Rickey Green\greenri01,PG,30,UTA,10,10,302,57,106,.538,1,7,.143,56,99,.566,.542,35,38,.921,10,20,30,75,12,0,20,23,150
56,Sidney Green\greensi02,PF,24,CHI,3,0,54,12,24,.500,0,0,,12,24,.500,.500,7,11,.636,10,5,15,2,0,1,1,8,31
57,Dave Greenwood\greenda01,PF,27,CHI,4,4,139,15,28,.536,0,0,,15,28,.536,.536,8,10,.800,10,21,31,5,6,4,7,14,38
58,Kevin Grevey\greveke01,SF,31,MIL,5,0,28,4,13,.308,0,0,,4,13,.308,.308,4,4,1.000,1,1,2,2,2,0,0,5,12
59,Darrell Griffith\griffda01,SG,26,UTA,10,10,340,72,158,.456,13,36,.361,59,122,.484,.497,18,25,.720,6,23,29,25,12,5,25,21,175
60,Bob Hansen\hansebo01,SG,24,UTA,8,0,34,2,8,.250,0,0,,2,8,.250,.250,5,8,.625,1,3,4,6,3,0,3,6,9
61,Bill Hanzlik\hanzlbi01,SF,27,DEN,15,0,310,45,92,.489,0,1,.000,45,91,.495,.489,30,41,.732,24,22,46,33,14,6,22,57,120
62,Derek Harper\harpede01,PG,23,DAL,4,0,132,10,21,.476,1,3,.333,9,18,.500,.500,5,7,.714,1,11,12,20,6,1,4,12,26
63,Rod Higgins\higgiro01,SF,25,CHI,1,0,1,0,0,,0,0,,0,0,,,0,0,,0,0,0,0,0,0,0,0,0
64,Roy Hinson\hinsoro01,PF,23,CLE,4,4,120,26,48,.542,0,0,,26,48,.542,.542,15,23,.652,10,20,30,3,3,9,8,18,67
65,Craig Hodges\hodgecr01,SG,24,MIL,8,8,216,28,77,.364,4,23,.174,24,54,.444,.390,4,5,.800,2,11,13,26,12,1,18,29,64
66,Lionel Hollins\hollili01,PG,31,HOU,5,1,94,8,26,.308,0,0,,8,26,.308,.308,1,1,1.000,1,8,9,18,4,0,7,16,17
67,Mike Holton\holtomi01,SG,23,PHO,3,0,55,9,19,.474,0,4,.000,9,15,.600,.474,4,4,1.000,0,2,2,9,0,0,3,8,22
68,Phil Hubbard\hubbaph01,SF,28,CLE,4,4,101,24,45,.533,1,1,1.000,23,44,.523,.544,13,17,.765,11,9,20,3,3,0,7,16,62
69,Jay Humphries\humphja01,SG,22,PHO,3,3,90,20,31,.645,0,0,,20,31,.645,.645,9,12,.750,1,4,5,16,2,0,8,12,49
70,Marc Iavaroni\iavarma01,PF,28,SAS,5,5,116,15,28,.536,0,1,.000,15,27,.556,.536,15,20,.750,8,18,26,13,5,2,15,23,45
71,Dan Issel*\isselda01,C,36,DEN,15,4,325,73,159,.459,1,1,1.000,72,158,.456,.462,39,48,.813,14,40,54,27,12,5,13,36,186
72,Clemon Johnson\johnscl01,C,28,PHI,13,0,165,13,33,.394,0,1,.000,13,32,.406,.394,16,21,.762,17,19,36,2,3,6,13,32,42
73,Dennis Johnson*\johnsde01,PG,30,BOS,21,21,848,142,319,.445,0,14,.000,142,305,.466,.445,80,93,.860,24,60,84,154,31,9,72,66,364
74,Frank Johnson\johnsfr01,PG,26,WSB,2,0,39,4,14,.286,1,6,.167,3,8,.375,.321,6,6,1.000,1,3,4,7,2,0,2,5,15
75,George Johnson\johnsge02,C,36,NJN,1,0,4,0,0,,0,0,,0,0,,,0,0,,0,0,0,0,0,0,0,0,0
76,George Johnson\johnsge03,SF,28,PHI,5,0,24,5,8,.625,1,1,1.000,4,7,.571,.688,0,0,,3,4,7,0,0,0,1,2,11
77,Magic Johnson*\johnsma02,PG,25,LAL,19,19,687,116,226,.513,1,7,.143,115,219,.525,.515,100,118,.847,19,115,134,289,32,4,76,48,333
78,Steve Johnson\johnsst03,C,27,CHI,3,0,22,2,7,.286,0,0,,2,7,.286,.286,2,2,1.000,3,2,5,2,0,0,2,4,6
79,Vinnie Johnson\johnsvi01,SG,28,DET,9,0,235,53,103,.515,0,3,.000,53,100,.530,.515,22,28,.786,15,12,27,29,6,1,15,24,128
80,Bobby Jones\jonesbo01,PF,33,PHI,13,11,309,46,78,.590,0,0,,46,78,.590,.590,14,20,.700,22,26,48,16,12,15,19,38,106
81,Caldwell Jones\jonesca01,C,34,CHI,2,0,18,5,6,.833,0,1,.000,5,5,1.000,.833,0,0,,1,4,5,0,0,1,1,7,10
82,Charles Jones\jonesch01,C,27,WSB,4,0,110,10,19,.526,0,0,,10,19,.526,.526,9,16,.563,11,15,26,3,3,10,6,16,29
83,Charles Jones\jonesch02,C,23,PHO,2,0,34,3,5,.600,0,0,,3,5,.600,.600,6,6,1.000,1,2,3,3,0,3,3,4,12
84,Edgar Jones\jonesed01,PF,28,CLE,4,0,45,9,18,.500,0,1,.000,9,17,.529,.500,7,8,.875,2,6,8,3,2,0,2,6,25
85,Major Jones\jonesma01,PF,31,DET,1,0,4,1,1,1.000,0,0,,1,1,1.000,1.000,0,0,,0,0,0,0,0,0,0,0,2
86,Ozell Jones\jonesoz01,C,24,SAS,5,0,73,8,11,.727,0,0,,8,11,.727,.727,1,6,.167,5,12,17,4,1,4,7,18,17
87,Michael Jordan*\jordami01,SG,21,CHI,4,4,171,34,78,.436,1,8,.125,33,70,.471,.442,48,58,.828,7,16,23,34,11,4,15,15,117
88,Rich Kelley\kelleri01,C,31,UTA,9,5,174,18,38,.474,0,0,,18,38,.474,.474,13,15,.867,25,32,57,14,7,5,14,32,49
89,Jerome Kersey\kerseje01,SF,22,POR,8,0,60,16,31,.516,0,0,,16,31,.516,.516,6,8,.750,5,4,9,6,7,2,2,11,38
90,Albert King\kingal01,SF,25,NJN,3,3,105,28,57,.491,1,1,1.000,27,56,.482,.500,9,13,.692,4,19,23,5,7,2,10,14,66
91,Greg Kite\kitegr01,C,23,BOS,9,0,63,5,12,.417,0,0,,5,12,.417,.417,1,2,.500,5,11,16,3,1,0,2,13,11
92,Billy Knight\knighbi01,SF,32,SAS,5,0,45,8,15,.533,0,4,.000,8,11,.727,.533,0,0,,3,3,6,3,2,0,2,2,16
93,Joe Kopicki\kopicjo01,PF,24,DEN,7,0,32,6,16,.375,0,0,,6,16,.375,.375,9,17,.529,2,11,13,3,1,1,1,5,21
94,Mitch Kupchak\kupchmi01,PF,30,LAL,16,0,197,31,53,.585,0,1,.000,31,52,.596,.585,13,22,.591,11,37,48,5,2,7,10,42,75
95,Bill Laimbeer\laimbbi01,C,27,DET,9,9,325,48,107,.449,0,2,.000,48,105,.457,.449,36,51,.706,36,60,96,15,7,7,16,32,132
96,Allen Leavell\leaveal01,PG,27,HOU,5,0,16,2,6,.333,0,2,.000,2,4,.500,.333,2,2,1.000,1,2,3,3,0,0,1,2,6
97,Ronnie Lester\lestero01,PG,26,LAL,9,0,54,6,15,.400,0,0,,6,15,.400,.400,7,9,.778,2,6,8,9,0,0,4,7,19
98,Fat Lever\leverfa01,PG,24,DEN,11,8,342,49,122,.402,0,2,.000,49,120,.408,.402,48,63,.762,23,48,71,93,26,2,34,33,146
99,Alton Lister\listeal01,C,26,MIL,8,8,203,27,60,.450,0,0,,27,60,.450,.450,15,32,.469,27,35,62,15,6,15,16,36,69
100,Lewis Lloyd\lloydle01,SG,25,HOU,5,5,174,38,77,.494,0,0,,38,77,.494,.494,10,14,.714,15,14,29,25,7,8,10,12,86
101,John Long\longjo01,SG,28,DET,9,9,255,48,105,.457,1,4,.250,47,101,.465,.462,15,15,1.000,10,7,17,13,14,2,11,22,112
102,John Lucas\lucasjo01,PG,31,HOU,5,4,152,26,80,.325,2,14,.143,24,66,.364,.338,14,22,.636,7,14,21,27,6,0,7,14,68
103,Maurice Lucas\lucasma01,PF,32,PHO,3,0,84,22,47,.468,0,0,,22,47,.468,.468,15,19,.789,12,21,33,10,2,2,8,12,59
104,Kyle Macy\macyky01,PG,27,PHO,3,3,85,13,26,.500,1,4,.250,12,22,.545,.519,4,5,.800,3,5,8,9,6,0,6,5,31
105,Rick Mahorn\mahorri01,PF,26,WSB,4,1,41,4,8,.500,0,0,,4,8,.500,.500,4,4,1.000,2,5,7,0,0,3,1,9,12
106,Jeff Malone\malonje01,SG,23,WSB,4,4,126,27,56,.482,1,3,.333,26,53,.491,.491,10,13,.769,3,3,6,8,5,0,4,14,65
107,Moses Malone*\malonmo01,C,29,PHI,13,13,505,90,212,.425,0,1,.000,90,211,.427,.425,82,103,.796,36,102,138,24,17,22,23,39,262
108,Pace Mannion\mannipa01,SF,24,UTA,8,0,41,4,12,.333,0,1,.000,4,11,.364,.333,10,12,.833,3,4,7,4,1,2,7,5,18
109,Wes Matthews\matthwe01,PG,25,CHI,4,4,91,11,32,.344,0,3,.000,11,29,.379,.344,7,9,.778,2,4,6,12,5,0,7,10,29
110,Cedric Maxwell\maxwece01,SF,29,BOS,20,0,238,21,43,.488,0,0,,21,43,.488,.488,34,43,.791,17,30,47,7,9,2,10,29,76
111,Bob McAdoo*\mcadobo01,C,33,LAL,19,0,398,91,193,.472,0,1,.000,91,192,.474,.472,35,47,.745,25,61,86,15,9,26,32,66,217
112,Rodney McCray\mccraro01,SF,23,HOU,5,5,181,19,34,.559,0,0,,19,34,.559,.559,15,23,.652,9,21,30,11,6,1,13,17,53
113,Mike McGee\mcgeemi01,SF,25,LAL,17,0,260,76,142,.535,9,18,.500,67,124,.540,.567,29,42,.690,20,16,36,12,7,1,14,26,190
114,Kevin McHale*\mchalke01,PF,27,BOS,21,21,837,172,303,.568,0,0,,172,303,.568,.568,121,150,.807,74,134,208,32,13,46,60,73,465
115,Tom McMillen\mcmilto01,C,32,WSB,1,0,7,0,4,.000,0,1,.000,0,3,.000,.000,0,0,,3,2,5,1,0,0,0,1,0
116,Larry Micheaux\michela01,PF,24,HOU,5,0,57,6,19,.316,0,1,.000,6,18,.333,.316,4,10,.400,12,9,21,0,0,2,3,8,16
117,Mike Mitchell\mitchmi01,SF,29,SAS,5,5,180,44,78,.564,0,1,.000,44,77,.571,.564,21,24,.875,5,14,19,12,3,4,9,19,109
118,Paul Mokeski\mokespa01,C,28,MIL,8,0,154,16,36,.444,0,0,,16,36,.444,.444,12,12,1.000,8,26,34,12,2,4,12,28,44
119,Sidney Moncrief\moncrsi01,PG,27,MIL,8,7,319,55,99,.556,4,10,.400,51,89,.573,.576,70,75,.933,10,24,34,40,5,4,20,26,184
120,Johnny Moore\moorejo01,PG,26,SAS,5,5,168,25,54,.463,1,3,.333,24,51,.471,.472,15,23,.652,13,17,30,42,10,2,16,17,66
121,Calvin Natt\nattca01,PF,28,DEN,15,15,508,131,238,.550,0,0,,131,238,.550,.550,72,89,.809,31,68,99,57,8,5,31,35,334
122,Chuck Nevitt\nevitch01,C,25,LAL,7,0,37,3,9,.333,0,0,,3,9,.333,.333,4,8,.500,3,3,6,1,4,6,2,11,10
123,Kurt Nimphius\nimphku01,C,26,DAL,4,0,50,3,6,.500,0,0,,3,6,.500,.500,0,0,,3,3,6,3,1,1,2,10,6
124,Audie Norris\norriau01,C,24,POR,8,0,109,19,32,.594,0,0,,19,32,.594,.594,9,22,.409,22,21,43,3,4,5,11,25,47
125,Mike O'Koren\okoremi01,SF,26,NJN,3,0,34,3,7,.429,0,0,,3,7,.429,.429,0,2,.000,1,9,10,4,0,0,1,6,6
126,Hakeem Olajuwon*\olajuha01,C,22,HOU,5,5,187,42,88,.477,0,0,,42,88,.477,.477,22,46,.478,33,32,65,7,7,13,11,22,106
127,Jawann Oldham\oldhaja01,C,27,CHI,4,0,91,7,15,.467,0,0,,7,15,.467,.467,0,0,,8,14,22,3,6,7,11,19,14
128,Robert Parish*\parisro01,C,31,BOS,21,21,803,136,276,.493,0,0,,136,276,.493,.493,87,111,.784,57,162,219,31,21,34,50,68,359
129,Billy Paultz\paultbi01,C,36,UTA,5,0,30,3,8,.375,0,0,,3,8,.375,.375,1,4,.250,3,5,8,2,1,1,2,7,7
130,Jim Paxson\paxsoji02,SG,27,POR,9,0,212,47,101,.465,3,10,.300,44,91,.484,.480,19,24,.792,6,14,20,21,6,0,5,16,116
131,John Paxson\paxsojo01,PG,24,SAS,5,0,114,21,42,.500,2,9,.222,19,33,.576,.524,7,9,.778,0,5,5,21,5,0,5,9,51
132,Sam Perkins\perkisa01,PF,23,DAL,4,4,169,24,49,.490,1,4,.250,23,45,.511,.500,26,34,.765,16,35,51,11,2,1,3,13,75
133,Jim Petersen\peterji01,PF,22,HOU,3,0,8,1,1,1.000,0,0,,1,1,1.000,1.000,0,0,,1,1,2,1,0,0,1,2,2
134,Ricky Pierce\piercri01,SG,25,MIL,8,1,198,36,73,.493,0,2,.000,36,71,.507,.493,7,9,.778,8,10,18,15,3,1,17,26,79
135,Charles Pittman\pittmch01,SF,26,PHO,3,3,82,14,23,.609,0,0,,14,23,.609,.609,12,17,.706,6,13,19,9,0,3,9,10,40
136,Ben Poquette\poquebe01,PF,29,CLE,4,0,91,13,21,.619,0,0,,13,21,.619,.619,4,5,.800,4,10,14,1,2,6,4,16,30
137,Paul Pressey\presspa01,SF,26,MIL,8,8,296,45,88,.511,1,3,.333,44,85,.518,.517,31,38,.816,15,33,48,61,18,5,32,27,122
138,Kurt Rambis\rambiku01,PF,26,LAL,19,19,375,48,81,.593,0,0,,48,81,.593,.593,19,28,.679,42,87,129,17,18,9,19,52,115
139,Kelvin Ransey\ranseke01,PG,26,NJN,3,3,63,6,16,.375,0,0,,6,16,.375,.375,5,5,1.000,0,5,5,17,2,1,2,10,17
140,Robert Reid\reidro01,SF,29,HOU,5,0,87,19,45,.422,0,4,.000,19,41,.463,.422,0,0,,3,14,17,5,4,2,6,22,38
141,Clint Richardson\richacl01,SG,28,PHI,13,0,281,53,94,.564,0,0,,53,94,.564,.564,9,10,.900,14,24,38,27,10,2,17,23,115
142,Micheal Ray Richardson\richami01,PG,29,NJN,3,3,125,23,57,.404,0,2,.000,23,55,.418,.404,9,14,.643,4,14,18,34,4,0,8,12,55
143,Fred Roberts\roberfr01,PF,24,UTA,10,0,130,19,43,.442,0,0,,19,43,.442,.442,16,20,.800,6,11,17,9,7,3,14,16,54
144,Cliff Robinson\robincl01,PF,24,WSB,4,4,123,25,56,.446,0,0,,25,56,.446,.446,9,12,.750,12,18,30,4,4,2,3,14,59
145,Dan Roundfield\roundda01,PF,31,DET,9,8,215,33,68,.485,0,0,,33,68,.485,.485,16,17,.941,19,41,60,15,4,6,15,21,82
146,Jeff Ruland\rulanje01,C,26,WSB,4,3,162,28,47,.596,0,2,.000,28,45,.622,.596,14,20,.700,12,22,34,21,9,4,23,15,70
147,Ralph Sampson*\sampsra01,PF,24,HOU,5,5,193,43,100,.430,1,1,1.000,42,99,.424,.435,19,37,.514,25,58,83,7,2,8,17,23,106
148,Mike Sanders\sandemi01,SF,24,PHO,3,3,91,22,37,.595,0,0,,22,37,.595,.595,8,10,.800,8,7,15,10,5,0,9,8,52
149,Danny Schayes\schayda01,C,25,DEN,9,0,118,11,26,.423,0,0,,11,26,.423,.423,14,20,.700,8,22,30,12,3,4,5,22,36
150,Tom Scheffler\schefto01,C,30,POR,3,0,10,2,3,.667,0,0,,2,3,.667,.667,3,4,.750,3,2,5,0,1,0,1,0,7
151,Alvin Scott\scottal01,SF,29,PHO,3,0,64,3,12,.250,0,1,.000,3,11,.273,.250,5,6,.833,3,5,8,10,1,4,6,8,11
152,Byron Scott\scottby01,SG,23,LAL,19,19,585,138,267,.517,10,21,.476,128,246,.520,.536,35,44,.795,16,36,52,50,41,4,24,47,321
153,Lonnie Shelton\sheltlo01,PF,29,CLE,4,0,106,19,34,.559,0,0,,19,34,.559,.559,8,10,.800,6,16,22,4,2,1,6,20,46
154,Larry Spriggs\sprigla01,PF,25,LAL,16,0,230,40,77,.519,0,2,.000,40,75,.533,.519,18,29,.621,16,35,51,33,4,5,26,36,98
155,Brook Steppe\steppbr01,SG,25,DET,4,0,20,2,7,.286,0,1,.000,2,6,.333,.286,4,6,.667,1,2,3,2,0,0,2,3,8
156,John Stockton*\stockjo01,PG,22,UTA,10,0,186,21,45,.467,0,2,.000,21,43,.488,.467,26,35,.743,7,21,28,43,11,2,16,30,68
157,David Thirdkill\thirdda01,SF,24,SAS,5,0,22,1,4,.250,0,2,.000,1,2,.500,.250,2,4,.500,0,2,2,2,0,0,4,4,4
158,Isiah Thomas*\thomais01,PG,23,DET,9,9,355,83,166,.500,6,15,.400,77,151,.510,.518,47,62,.758,11,36,47,101,19,4,30,39,219
159,Bernard Thompson\thompbe01,SF,22,POR,2,0,10,0,5,.000,0,0,,0,5,.000,.000,2,2,1.000,1,2,3,2,0,1,0,1,2
160,Mychal Thompson\thompmy01,PF,30,POR,9,0,250,50,102,.490,0,0,,50,102,.490,.490,33,49,.673,25,47,72,14,7,12,19,32,133
161,Paul Thompson\thomppa01,SF,23,MIL,3,0,34,5,12,.417,0,2,.000,5,10,.500,.417,3,5,.600,1,4,5,2,4,1,4,3,13
162,Sedale Threatt\threase01,PG,23,PHI,4,0,28,2,7,.286,0,0,,2,7,.286,.286,0,0,,1,0,1,5,1,0,3,2,4
163,Andrew Toney\toneyan01,SG,27,PHI,13,13,442,83,174,.477,6,14,.429,77,160,.481,.494,47,61,.770,8,24,32,66,12,5,50,46,219
164,Linton Townes\towneli01,SF,25,SAS,2,0,6,4,8,.500,0,1,.000,4,7,.571,.500,0,0,,2,1,3,0,0,0,0,1,8
165,Kelly Tripucka\tripuke01,SF,25,DET,9,9,288,49,118,.415,0,1,.000,49,117,.419,.415,35,40,.875,19,20,39,29,4,3,19,22,133
166,Elston Turner\turneel01,SF,25,DEN,15,4,358,50,102,.490,2,2,1.000,48,100,.480,.500,12,19,.632,30,43,73,46,17,1,26,42,114
167,Jeff Turner\turneje01,PF,22,NJN,3,0,21,2,5,.400,0,0,,2,5,.400,.400,0,0,,2,2,4,2,0,0,0,6,4
168,Melvin Turpin\turpime01,C,24,CLE,4,0,45,12,19,.632,0,0,,12,19,.632,.632,1,2,.500,3,5,8,0,4,1,5,3,25
169,Terry Tyler\tylerte01,SF,28,DET,9,0,179,49,100,.490,0,1,.000,49,99,.495,.490,22,27,.815,15,25,40,3,6,4,9,17,120
170,Darnell Valentine\valenda01,PG,25,POR,9,9,244,43,88,.489,0,0,,43,88,.489,.489,29,31,.935,6,11,17,58,16,0,21,28,115
171,Kiki Vandeweghe\vandeki01,SF,26,POR,9,9,311,85,158,.538,1,7,.143,84,151,.556,.541,31,33,.939,14,13,27,17,8,3,12,23,202
172,Jay Vincent\vinceja01,PF,25,DAL,4,2,134,20,56,.357,0,0,,20,56,.357,.357,22,29,.759,9,13,22,3,6,3,11,16,62
173,Scott Wedman\wedmasc01,SF,32,BOS,21,1,350,73,134,.545,10,22,.455,63,112,.563,.582,26,38,.684,22,37,59,33,13,0,12,50,182
174,Mark West\westma01,C,24,CLE,4,4,68,3,5,.600,0,0,,3,5,.600,.600,2,5,.400,5,13,18,4,2,0,5,19,8
175,Willie White\whitewi01,SG,22,DEN,10,3,123,27,57,.474,2,3,.667,25,54,.463,.491,7,12,.583,9,8,17,17,5,0,16,6,63
176,Mitchell Wiggins\wiggimi01,SG,25,HOU,5,0,45,9,18,.500,0,0,,9,18,.500,.500,0,0,,3,1,4,1,4,0,3,6,18
177,Jeff Wilkins\wilkije01,C,29,UTA,10,0,257,51,118,.432,0,1,.000,51,117,.436,.432,27,35,.771,13,50,63,13,4,5,15,27,129
178,Buck Williams\willibu01,PF,24,NJN,3,3,123,26,40,.650,0,0,,26,40,.650,.650,22,30,.733,14,18,32,1,3,5,6,12,74
179,Gus Williams\willigu01,PG,31,WSB,4,4,159,30,71,.423,3,10,.300,27,61,.443,.444,9,12,.750,4,4,8,20,5,1,13,5,72
180,Kevin Williams\willike01,SG,23,CLE,2,0,7,1,2,.500,0,0,,1,2,.500,.500,0,0,,0,0,0,1,0,0,0,1,2
181,Ray Williams\willira01,PG,30,BOS,19,0,278,47,116,.405,2,15,.133,45,101,.446,.414,24,25,.960,14,22,36,60,12,1,33,44,120
182,Sam Williams\willisa02,PF,25,PHI,5,0,26,1,6,.167,0,0,,1,6,.167,.167,3,10,.300,4,8,12,0,0,0,4,2,5
183,Leon Wood\woodle01,PG,22,PHI,5,0,15,4,9,.444,0,1,.000,4,8,.500,.444,6,8,.750,0,1,1,2,0,0,3,0,14
184,Orlando Woolridge\woolror01,SF,25,CHI,4,4,167,34,68,.500,0,0,,34,68,.500,.500,14,18,.778,6,7,13,8,6,1,12,19,82
185,James Worthy*\worthja01,SF,23,LAL,19,19,626,166,267,.622,1,2,.500,165,265,.623,.624,75,111,.676,35,61,96,41,17,13,26,53,408